Id,ORGANIZATION,NAME,GENDER,SPECIALITY,ADDRESS,CITY,STATE,ZIP,LAT,LON,ENCOUNTERS,PROCEDURES
0dd7a120-cbf9-3dd4-83a0-52c5d68d5029,77645e49-3f69-3d1d-bb93-dc65210e2fac,Vella930 Ankunding277,F,GENERAL PRACTICE,363 HIGHLAND AVE,FALL RIVER,MA,027205246,41.7093779,-71.1460783680883,2,0
b011ecad-eaea-39a1-b6f1-bcd7dcc0f674,6fafb5d4-ecca-37ab-8d24-53036a8cbf1e,Wilber603 Nikolaus26,M,GENERAL PRACTICE,320 WEST CENTER STREET  2ND FLOOR,WEST BRIDGEWATER,MA,02379,42.016080599999995,-71.02601589317304,2,0
524d7ecf-7f10-332c-8dc9-7e2a015c0c86,aa682136-a4df-3942-9f50-e6fcee6c0b73,Ricardo560 Sáenz811,M,GENERAL PRACTICE,501 CORDWAINER DRIVE,NORWELL,MA,020611630,42.1647071,-70.88149077838713,2,0
70531020-90bf-37e3-9a1b-ee1492c047d2,e3089df2-a1db-372a-b660-30392d8c197b,Marylynn944 Waters156,F,GENERAL PRACTICE,178 N MAIN ST,SHARON,MA,020671229,42.13301625,-71.17263163492832,7,0
3ff569ec-1e64-3450-b251-d26ad406e399,ab701a70-a658-340e-8f69-ee196a7d40c6,Bud153 Parisian75,M,GENERAL PRACTICE,484 RTE 134,WORCESTER,MA,016071728,42.2625621,-71.8018877,1,0
78e19423-6673-3a59-a990-58800845c900,11ba6a26-59b4-3728-a268-6dc9929962b4,Archie818 McCullough561,M,GENERAL PRACTICE,200 GOVERNORS AVENUE,MEDFORD,MA,021551644,42.42711615,-71.1121606632448,1,0
912c20ee-8a31-3b17-bb84-eb6f7dfd9ebe,71472d9b-aa5c-3b49-a5c3-d0eee8859015,Tyree261 Kutch271,M,GENERAL PRACTICE,118 WATERHOUSE RD STE C,BOURNE,MA,025328305,41.7281115,-70.5861571324252,13,0
093e0149-0111-3072-a953-a7c6c79faffe,8a2e2731-3240-39d1-b4f0-cad14200937d,Carter549 Ritchie586,M,GENERAL PRACTICE,88 WASHINGTON ST,TAUNTON,MA,027802465,41.9062805,-71.09518121351795,1,0
74414dac-4559-3753-85fd-17b95647450a,fa09396a-2926-3b21-ad0c-9f6cabbce0eb,Brigitte394 Bartoletti50,F,GENERAL PRACTICE,1210 BOSTON PROVIDENCE TPKE,NORWOOD,MA,020625061,42.1714075,-71.1951186,1,0
d73accf6-c09b-3217-b48a-8b5e01845be8,84abfbd5-41c1-3df4-9b31-7ca93cb2309a,Cole117 Block661,M,GENERAL PRACTICE,85 HERRICK ST,BEVERLY,MA,019151790,42.56415055,-70.8751357650672,11,0
02eea977-6d81-3c5f-a8af-59fc117263ea,c272e12f-e154-3fee-b05d-b7c0cab2657d,Arturo47 Valentín837,M,GENERAL PRACTICE,800 WASHINGTON ST,NORWOOD,MA,020623487,42.1886973,-71.2005241,2,0
5df0c7b8-0721-34f1-8fe6-425697ac02ab,f6a306cf-7bd6-35f4-a6b7-2d07d273914c,Ramiro608 Tirado305,M,GENERAL PRACTICE,63 FOUNTAIN ST STE 402,FRAMINGHAM,MA,017026280,42.27595495,-71.42631150114194,14,0
73cde3e7-e0c4-3815-a69a-ab6f65d669ec,32fcdfba-8c93-30f4-b15b-dd3b65c29deb,Jody426 Bernhard322,M,GENERAL PRACTICE,20 NORTH MAPLE STREET,HADLEY,MA,010359715,42.3615107,-72.55261320852942,4,0
4b8e04cd-a55b-35bd-9de0-e484103b3e35,02c936e2-3aee-38b2-88a4-81f3689b7bb7,Royce974 Kohler843,F,GENERAL PRACTICE,120 FISHER AVENUE,BOSTON,MA,021203320,42.3276141,-71.1051603,1,0
55ffdb11-f894-3e74-9945-757c98bfa79a,2b84e56e-08b4-3078-b3ea-4d159208e065,Verda448 Bahringer146,F,GENERAL PRACTICE,1029 PLEASANT ST,BRIDGEWATER,MA,023242301,41.9718173,-71.00937893001648,14,0
918a273a-e82d-333e-b55b-86c560794e03,4ffa4412-1493-3beb-b8f0-6614dde953a4,Harland508 Ryan260,M,GENERAL PRACTICE,363 HIGHLAND AVENUE,WAREHAM,MA,025715011,41.745636,-70.658192,3,0
d17c93cb-219d-3b24-afb4-39e8bb447186,a14e698d-a9ba-3eae-9c8b-682ec726433d,Karla801 Cummerata161,F,GENERAL PRACTICE,776 WESTERN AVE,LYNN,MA,019052408,42.466763,-70.9494939,1,0
6de44a2e-0bae-3bcb-9853-fa542f355c10,dd9914b0-9491-3330-a890-d34e95e497ea,Taylor21 Haley279,M,GENERAL PRACTICE,1061 PLEASANT ST,NEW BEDFORD,MA,027406728,41.64280275,-70.92865004309593,8,0
1e89ef8d-fbfb-302b-9167-98788d6059df,12dc66ee-e2c7-3d5a-892e-157ff1d47f32,Felix524 Rogahn59,M,GENERAL PRACTICE,242 GREEN ST,WINCHENDON,MA,014751820,42.68061,-72.060691,8,0
80474295-cdfc-3176-954f-f47ee1e3b50e,d613e441-68e8-3502-8adb-3f770a1276bf,Colin861 Witting912,M,GENERAL PRACTICE,114 WATER ST,MILFORD,MA,017573007,42.13661855,-71.53474614336832,13,0
fc013060-1a94-38c7-8e7a-407093ff8b41,de29a374-221b-3cb4-8051-a02c1a35e5b7,Morgan564 Marvin195,M,GENERAL PRACTICE,562 WASHINGTON ST,SOUTH ATTLEBORO,MA,027036942,41.912892049999996,-71.36135809627689,26,0
6877ec19-7e23-39c2-a3e3-5093bbfeb56c,18061fd5-fda8-3e2d-87f0-0f3c87211bcc,Margarite168 Koepp521,F,GENERAL PRACTICE,1493 CAMBRIDGE ST,SOMERVILLE,MA,021431408,42.3875968,-71.0994968,3,0
47ffe657-13f5-3f72-84ab-34ec2071b67d,4bc0cc09-77e5-37f5-844d-64a6637cae54,Ahmed109 Feil794,M,GENERAL PRACTICE,91 EAST MOUNTAIN ROAD,WESTFIELD,MA,010851801,42.110743549999995,-72.70066160206358,5,0
a308c59c-e2c2-36f3-9565-a6d5cb9f6192,4b7c1695-a178-3e03-8651-51acfd3b8372,Juan88 O'Keefe54,M,GENERAL PRACTICE,600 OLD SOMERSET AVE,NORTH DIGHTON,MA,027641824,41.86399,-71.1244904,11,0
61fc4e20-5eae-3da1-acb3-a40c6218b75b,aade280a-3b90-3e48-9648-91109a964a63,Josef103 Klein929,M,GENERAL PRACTICE,909 SUMNER ST,DARTMOUTH,MA,027473826,41.6332267,-70.9879928,4,0
88e2e03c-6c4c-3aae-aace-e4e62fd5e723,ecadbc11-930c-3903-b706-f8ef4bc9089e,Earlene410 Baumbach677,F,GENERAL PRACTICE,780 CHESTNUT ST,SPRINGFIELD,MA,011031109,42.1211633,-72.60614164702717,12,0
b6335525-18fb-3ae3-8463-63186feb78b8,440fa4b8-c731-3cf5-81d9-aa3f30a37b95,Joanna347 Abbott774,F,GENERAL PRACTICE,41 & 45 MALL ROAD,PEABODY,MA,019602901,42.5278731,-70.9286609,1,0
c5a463ba-f009-342c-bb70-b7a81c27963e,0fab3c4e-a028-39a6-b15a-be5a88b6aa2a,Miyoko154 Paucek755,F,GENERAL PRACTICE,222 STATE STREET,LUDLOW,MA,010563437,42.15547415,-72.47222226666076,10,0
c298a145-ac35-36c5-ab61-407967caa729,aaa7ebaf-b1a0-38c1-ba89-a16712cf431c,Elsa29 Ponce361,F,GENERAL PRACTICE,16 PLEASANT STREET,BRIDGEWATER,MA,023242420,41.98625885,-70.97978204646246,1,0
98c52b40-3da4-3dc7-a0d2-63107323dba1,36705572-6b8a-337d-9d01-be1087ce4650,Valentine262 Corwin846,M,GENERAL PRACTICE,233 WINTHROP ST,TAUNTON,MA,027804428,41.89112605,-71.11254102062864,10,0
ed096f05-e0eb-320f-b29d-4ac6c9bbb1a8,57e4e5fa-d68d-3caa-a5ad-37beb1b51207,Latrina689 White193,F,GENERAL PRACTICE,800 WASHINGTON ST,NORWOOD,MA,020623487,42.1886973,-71.2005241,1,0
2a430643-4546-35a2-9e77-ce9358175d09,00ffb204-07b4-3c72-a678-fa252e6cf86c,Kathlene786 Satterfield305,F,GENERAL PRACTICE,450 BEDFORD ST,LEXINGTON,MA,02420,42.47370735,-71.25090005,13,0
9d4324e5-5ecc-3cee-9717-84550520f992,ad82d624-72eb-3c7d-a76d-79f2668d1390,Georgianne697 Howe413,F,GENERAL PRACTICE,3 WOODLAND RD,STONEHAM,MA,021801711,42.452443099999996,-71.08939988105112,25,0
efe93169-62c0-31a7-8009-8530741191d8,70a26106-6797-39f8-83e6-6bcf212b99ad,Christopher407 Mohr916,F,GENERAL PRACTICE,340 MAIN ST,WORCESTER,MA,016081601,42.53616075,-71.74831883675786,8,0
5d47a7e7-98cc-3d20-b107-26530586c109,901c2d40-1ca3-3879-9a20-c663b8adc0a9,Chanelle850 Schuster709,F,GENERAL PRACTICE,800 WASHINGTON STREET,STONEHAM,MA,021802445,42.4863168,-71.0928919,6,0
e9ff8655-784a-3f21-87aa-024beae2ba08,e6cc6043-299a-3581-8f6b-b3b5d62c46ae,Fritz267 Farrell962,M,GENERAL PRACTICE,532 SUMNER AVE,SPRINGFIELD,MA,011082458,42.08631583333334,-72.55792579166666,9,0
091841ec-60bf-32eb-a9b5-ba148bf4356f,8d110f42-6f75-3751-b0c5-b45ab08333a1,Shonna561 Feest103,F,GENERAL PRACTICE,88 WASHINGTON ST,TAUNTON,MA,027802465,41.9062805,-71.09518121351795,1,0
a0ecf8bd-5ce0-348b-ad0c-41c86777ded8,15d4c950-4691-3996-b4c4-bf06bfb58ff7,Alvin56 Crona259,M,GENERAL PRACTICE,70 EAST ST,METHUEN,MA,018445883,42.7285558,-71.16833738237946,5,0
ced7eecb-7ced-33c1-9b7e-ebc28fcefd9c,5018c664-e283-30eb-932a-529d9a19b3b5,Rochell365 Stehr398,F,GENERAL PRACTICE,300 SOUTH ST,WOBURN,MA,018014979,42.473347,-71.144086,3,0
493523fe-5434-394f-94d9-39ceb81030e2,1cff30ba-b91f-3ea2-b80b-770d67856358,Annamae625 Halvorson124,F,GENERAL PRACTICE,359 JONES RD,FALMOUTH,MA,025403341,41.5591273,-70.60352436630029,1,0
882d1cd2-7052-3b3c-99bb-4fedeb196dc2,d4e48a16-0a60-3e90-81e5-c35b22ffe6af,Elmer371 Kutch271,F,GENERAL PRACTICE,856 STATE RD,NORTH ADAMS,MA,012473027,42.69967208677275,-73.16330754755236,1,0
080bfb31-a24b-38d2-8a84-bbe9da846ef4,4e880cb9-1ca0-3582-b8cf-8a59b0d2b878,Mao115 Bednar518,F,GENERAL PRACTICE,51 S CHURCH ST,PITTSFIELD,MA,012016178,42.44648205,-73.25863241543368,13,0
ae73f8ea-3bb9-32db-ba6a-804394f2a47b,a2a41caf-758f-3962-8e5f-e6e603f93d17,Noelle559 Padberg411,F,GENERAL PRACTICE,111 HUNTOON MEMORIAL HWY,ROCHDALE,MA,015421305,42.2020225,-71.89891616754682,13,0
3d4bfdb7-a329-3b21-aa15-4f91fa685382,ee6705d5-db4a-3120-bbe1-1e72972a841f,Regena252 Huel628,F,GENERAL PRACTICE,101 JACKSON ST,LOWELL,MA,018522103,42.64221447368421,-71.31029421052632,12,0
05b693b4-6b0f-338e-9af9-dec93f2ac749,a6fb79e7-4abb-3a68-b62d-e501427fdca4,Rosario163 Banda20,F,GENERAL PRACTICE,489 WASHINGTON ST STE 202,AUBURN,MA,015015709,42.187836,-71.83104,13,0
30dbb0cd-1017-35cd-a446-b8a6e3137b12,ea8d287f-b3a9-3800-8798-788e334ee406,Shirly501 Kuphal363,F,GENERAL PRACTICE,81 HIGHLAND AVE,SWAMPSCOTT,MA,019072928,42.4699241,-70.9171507,15,0
a754cdda-e500-304b-850f-ca24890c8b10,8bf5325a-c11b-35c4-b07d-17a5aeba8353,Penni796 Okuneva707,F,GENERAL PRACTICE,815 WORCESTER STREET,SPRINGFIELD,MA,011511001,42.1018764,-72.5886727,1,0
ec70dd7e-c143-3b16-958a-b41be3c366be,43e22208-dae0-3196-b30b-17b3c50679c2,Diego848 O'Kon634,M,GENERAL PRACTICE,147 PELHAM ST,METHUEN,MA,018442060,42.7288158,-71.20222773774655,9,0
14dc26a8-34ba-38a0-98bb-94d854489d66,9d2a1656-0f4d-30d1-bc63-eb365a05529c,Lorene243 Ward668,F,GENERAL PRACTICE,235 N PEARL ST,BROCKTON,MA,023011794,42.09805395,-71.0609587194362,1,0
b30a9364-0c0f-3445-9342-08c89a980c53,ca8a919a-05f9-3687-bfb6-42800a70031e,Teodoro374 Gil594,M,GENERAL PRACTICE,6111 OAK TREE BLVD STE 301,FRAMINGHAM,MA,017014613,42.3095704,-71.4413097,20,0
fbb0c672-067d-3a76-b44b-0d722b300316,eee00932-ca82-36bc-b7e8-e3fff6dbaeaa,Leif534 Hane680,M,GENERAL PRACTICE,450 BROOKLINE AVE,WEYMOUTH,MA,021893141,42.2212188,-70.9391625,8,0
2451e5cf-73e8-3282-a4e5-6d496e72f69e,a06b1a97-d6ce-3ea1-ba4a-2ef85a8114ab,Wanda961 Goyette777,F,GENERAL PRACTICE,400 GROTON ROAD,AYER,MA,014321171,42.57821195,-71.5733060441645,1,0
e4ce87d4-b5ce-3b31-9f57-13d47aa70411,f8918a95-31e8-3ac4-8d12-29ca6080ebda,Domitila545 Vandervort697,F,GENERAL PRACTICE,199 REEDSDALE RD,MILTON,MA,021863926,42.251368299999996,-71.0768393856917,3,0
90dc990d-7b1e-311f-98e3-c74c6c52eeb9,3ff0f58b-7a1f-3334-9449-ff15f68b7d86,Crystle668 McCullough561,F,GENERAL PRACTICE,275 SANDWICH ST,PLYMOUTH,MA,023607761,41.94186605,-70.6455366462985,3,0
49c24398-c728-32b5-a2a9-5f68f164096f,a6964d47-8af0-3df2-b99d-d8414eb1cfa3,Reggie481 Schiller186,M,GENERAL PRACTICE,200 MAY ST,SOUTH ATTLEBORO,MA,027035520,41.924394750000005,-71.36076410900014,12,0
b29f4edc-df77-3a56-8163-e22554e7d8a2,2c708a72-2e25-36a1-8209-d2a708874eff,Eusebio566 Strosin214,M,GENERAL PRACTICE,1324 BELMONT STREET #202,BROCKTON,MA,023014435,42.057156895761736,-71.06994368825448,1,0
bfee10f9-c7a3-3f6e-b400-5b9a6714caa7,f82ff162-c689-3682-876c-220cf96eb97b,Billy698 Schoen8,M,GENERAL PRACTICE,74 MAIN ST,FRAMINGHAM,MA,017022952,42.2976266,-71.42605348361442,9,0
fef39164-06dc-3c19-b750-29685d40e213,9d989fcf-4ad9-3972-ada3-f275d967781e,Cristi782 Miller503,F,GENERAL PRACTICE,100 TER HEUN DR,SANDWICH,MA,025632377,41.7579043,-70.4968152,2,0
31ea5d6d-7a89-3aef-80ba-eb1d279b328c,9f2f60a6-87a4-3f45-b753-b63b5b7e9993,Raul814 Considine820,M,GENERAL PRACTICE,332 HANOVER STREET,BOSTON,MA,021131901,42.3647421,-71.0536619,13,0
378dbb77-3936-35b9-82f6-dd7e4b9d7ab3,0d7ef8ee-4e45-3b40-9f2b-f558dce71574,Douglas31 Kuhlman484,M,GENERAL PRACTICE,200 BOYLSTON ST,CHESTNUT HILL,MA,024672008,42.318869649999996,-71.17524247213663,8,0
cead2544-1d6b-35ec-9462-de8cd0df31e9,a730c5e6-a15f-3e36-8112-8579e507d330,Drew592 Ankunding277,M,GENERAL PRACTICE,28 LORD RD,MARLBOROUGH,MA,017524549,42.34718040987546,-71.57283065352654,24,0
2bf2dde2-1a70-36c2-ad55-aaaf9e20a469,389323ef-b127-3a06-a22d-e24aef033e5d,Dina200 Streich926,F,GENERAL PRACTICE,200 PROVIDENCE HWY,DEDHAM,MA,020261881,42.22214545274341,-71.18159060546684,13,0
6866a74a-a5eb-3b4d-aa43-41c3a08bccc1,e69e7cbb-8362-30d1-83f2-3a0c492fe2b1,Isaac321 Kub800,M,GENERAL PRACTICE,110 LONG POND RD,PLYMOUTH,MA,023602642,41.9255829,-70.65514326847389,10,0
23c160b9-7a1a-3e82-8105-28a8b2a7c287,06cc2462-430f-3322-9c87-7e971125f510,Bryon392 Mann644,M,GENERAL PRACTICE,133 OLD ROAD TO 9 ACRE COR,WESTFORD,MA,018863198,42.5792583,-71.4378411,1,0
c294ae71-0cf3-3da8-8bdd-0a14d7eb5aa4,dfc0bac0-55a9-3f25-b0e3-78f9f586560c,Jae222 Windler79,F,GENERAL PRACTICE,444 STOCKBRIDGE ROAD,GREAT BARRINGTON,MA,012301295,42.22088152406833,-73.34280352682327,8,0
84ba2a46-3453-31da-96e3-f01f64470ef3,79508e39-d0b0-3613-9d54-168f6e1c3a18,Lynwood354 Tromp100,M,GENERAL PRACTICE,200 GROTON ROAD,GROTON,MA,014502056,42.577352149999996,-71.57414587343038,5,0
ac47ed33-44ab-3d4c-a3d4-33d57dfe17b1,352f2e3b-0708-3eb4-9f7e-e73a685bf379,Araceli695 Willms744,F,GENERAL PRACTICE,157 UNION ST,SOUTHBOROUGH,MA,017721215,42.3056501,-71.5245087,3,0
6bf7cc05-abb6-3c18-a9ed-a33222b74d20,34f7bdc0-0550-333e-a53f-5e2af5a6d4ec,Augustine565 Kreiger457,M,GENERAL PRACTICE,212 S MEADOW RD UNIT 5C,PLYMOUTH,MA,023605450,41.9426657,-70.7618592,13,0
50a4a90c-f2ac-3b1f-9fb3-9395be21e55b,a2d45ee8-b930-3169-b612-f602961ad212,Valentine262 Leannon79,M,GENERAL PRACTICE,37 MINUTEMAN WAY,SHREWSBURY,MA,015452229,42.288207,-71.73443816915585,11,0
229f8656-a432-393f-aaa3-affbd001e7fa,0fa1cab9-83c1-3c85-b7bc-53d8b922e2f7,Annita733 Frami345,F,GENERAL PRACTICE,115 LINCOLN STREET,WORCESTER,MA,016081216,42.2768165,-71.795274,5,0
a831a789-4210-3105-99e3-b6f04558d37a,817f4acb-0184-3146-9ce0-87197d8f115a,Julienne688 Buckridge80,F,GENERAL PRACTICE,30 NEWCROSSING RD STE 301,READING,MA,01867,42.51809619399502,-71.0959083715027,13,0
22922105-53e4-362c-bd42-66d655681c83,10ffe7b1-2f94-3f12-9288-679da05a1ec9,Brendan864 Hintz995,M,GENERAL PRACTICE,133 LITTLETON RD,WESTFORD,MA,01886,42.57056335,-71.41736646422413,12,0
ddca82eb-0573-3713-ba02-b308c1115a47,4fa643ae-1f58-3c2e-9f33-0ba56345ad10,Trevor374 Williamson769,M,GENERAL PRACTICE,361 MAIN ST,WAREHAM,MA,025712153,41.761384899999996,-70.71911431737183,12,0
3c4793b3-248a-37a9-889f-8dddbf9a2a86,3d5fbf38-c781-3e04-8c7e-5a402611b7d4,Enriqueta274 Barton704,F,GENERAL PRACTICE,260 ELM ST,SOMERVILLE,MA,021442951,42.3955992,-71.1227391,8,0
a1a1498b-8556-37df-b772-3f8c69d94f7d,f43f97f2-af04-3ed0-a42e-3681718cc9b2,Jacques50 Quigley282,M,GENERAL PRACTICE,725 NORTH ST,PITTSFIELD,MA,012014109,42.4600752,-73.2492795834909,1,0
375a2f74-bbed-3de6-ac5a-b18ddd7b4f05,fd5342f0-10c0-3f48-9c7e-7100a64db139,Robby860 Abshire638,M,GENERAL PRACTICE,30 PRINCETON BOULEVARD,LOWELL,MA,018512405,42.6353691,-71.3322833,1,0
dda3258f-6d44-3578-8719-f397017c93d2,f202fe9c-c1dd-30d5-805e-6a26904dbbce,Thad495 Fahey393,M,GENERAL PRACTICE,256 GEORGETOWN RD,BOXFORD,MA,019211642,42.697599999999994,-70.98887494259449,8,0
7ee3e506-729a-3611-a8b4-b08753c22659,dfcd78f1-f67e-321d-84e3-f658c482c474,Elmo857 Wisoky380,M,GENERAL PRACTICE,64 WOODLANDS WAY,BREWSTER,MA,026312550,41.737807,-70.0036669,2,0
7d657a7e-c3f2-3a3f-bfee-510af1535b0c,7b20d1c4-c56b-3647-801c-5e4e13679073,Riley817 Prohaska837,M,GENERAL PRACTICE,275 SANDWICH ST,PLYMOUTH,MA,023602183,41.94186605,-70.6455366462985,1,0
5cfda0a7-a79f-3164-b751-3d2609cfc420,3e97ce4f-3ad7-3cea-883f-e2bb4ca89d83,Fidel864 Swift555,M,GENERAL PRACTICE,30 NEW CROSSING RD,READING,MA,018673270,42.51809619399502,-71.0959083715027,1,0
bd31eaf0-e7dd-3080-9677-05e254bf9b1f,4f59f709-8b84-3d27-a04b-c6b7b5544413,Barbara209 Aranda843,F,GENERAL PRACTICE,70 BOLTWOOD WALK,AMHERST,MA,010022271,42.3768779,-72.51840280783739,13,0
6a32b34f-955d-3382-ab98-dc26e4433f2b,36d328a2-68bb-3967-a9bf-00897a7c945f,Jettie913 Rodriguez71,F,GENERAL PRACTICE,299 WAREHAM STREET,MIDDLEBORO,MA,023462905,41.869676,-70.873384,1,0
b5f425b7-c4d0-3f2c-b206-6620eb008a3d,79d49935-bcc0-36ca-920b-45365c367438,Jamel269 Hudson301,M,GENERAL PRACTICE,409 W BROADWAY,SOUTH BOSTON,MA,021272245,42.336831,-71.047958,12,0
74245964-2fb6-3c18-9c6b-eec6a448d1a8,0f2c58ec-5323-3c0f-9bdf-af0df7eb2a2b,Verónica383 Nieves278,F,GENERAL PRACTICE,130 DORCHESTER STREET,SOUTH BOSTON,MA,021272642,42.3334312,-71.0494949,1,0
633a5c40-52e0-32b2-9c1d-8d9b46985ef7,680532c8-2661-3b39-875a-b6ec0746ccf5,Buford910 Dach178,M,GENERAL PRACTICE,30 ATHOL ST,ALLSTON,MA,021341124,42.36075595,-71.13397379082869,5,0
7f5e8857-fa8d-3a27-ba0e-74b36ff269f6,cc400ddc-c38d-3604-8d89-cea21555719f,Irene779 Kirlin939,F,GENERAL PRACTICE,87 CHESTNUT ST,NATICK,MA,017603644,42.293559188306446,-71.35158050924959,12,0
a37cfaf2-3628-3767-9b01-5f73a904e20e,51370692-6296-3150-8672-559fc73f964f,Mariana775 Escobedo608,F,GENERAL PRACTICE,75 FRANCIS ST,WEST BRIDGEWATER,MA,023791542,42.0219112,-71.019004,8,0
36b6147d-e127-39e5-b7e0-991508c463d3,c6b019eb-28ec-36f6-abf3-bcc4d1d58966,Adela471 Ocampo729,F,GENERAL PRACTICE,33 AVON ST,WAKEFIELD,MA,018802310,42.50403445,-71.07462951514611,1,0
efa86aa5-ee5e-37de-8f7a-01d280845c7e,b3312a2d-37e9-35a8-b50d-6c165c437baa,Eliseo499 Reinger292,M,GENERAL PRACTICE,45 DIMOCK ST,ROXBURY,MA,021191029,42.32030665,-71.09721114916246,2,0
a0036dd8-14e3-35bd-9ced-a69f4d898049,b6717471-7f78-32c4-b1c5-e3a6310553d7,Noe500 Roob72,M,GENERAL PRACTICE,15 RAILROAD AVE,TOPSFIELD,MA,01983,42.6375935,-70.9494966,6,0
c1b15050-9b93-3b54-bfae-b16322cc3d30,2836d9ac-c6a6-39d1-8f13-fdf0fc8928f4,Carlton317 Koch169,M,GENERAL PRACTICE,365 EAST ST,TEWKSBURY,MA,018761950,42.6069472,-71.2180803,1,0
f987df9d-e77b-3da8-a8a3-25b86e9d7482,7dddc0c2-9f1d-3e4e-b2f2-fc7e6abbed31,Bryan958 Gibson10,M,GENERAL PRACTICE,160 MERRIMACK STREET  SUITE 1,METHUEN,MA,018446117,42.7334079,-71.13599310716302,1,0
e64a2c69-e781-3d63-90ed-e4faeef4810c,15e26ce3-9006-3ce2-9327-493180a15ec1,Marlin805 Breitenberg711,M,GENERAL PRACTICE,6 GROVE ST,NORWELL,MA,020611534,42.172231693916025,-70.87836493029226,21,0
5e543585-09ef-3f5c-92a8-4b380428de99,7c625dc4-2593-31eb-95fd-6a912832b8bb,Imogene688 Braun514,F,GENERAL PRACTICE,980 WASHINGTON STREET  SUITE 124,DEDHAM,MA,020266704,42.228918,-71.18501264023513,1,0
358af3a9-ada9-3a87-8cdb-9b24c8c431e0,e2eab39c-5195-34aa-b35f-e89e37cfed01,Jaime666 Pelayo88,M,GENERAL PRACTICE,55 FOGG ROAD,WEYMOUTH,MA,021893141,42.175539799999996,-70.9539153674405,2,0
c510fe46-44a5-3776-9102-fff264da1a7b,21989e2e-249c-3b79-acf0-240211e16b4b,Daniel959 Polanco94,M,GENERAL PRACTICE,1290 TREMONT ST,ROXBURY,MA,021203432,42.3327398,-71.09194864251029,11,0
c7e3f8ad-8a53-3bbc-8eaa-d26b6af448fd,68503514-203a-3202-ac09-ea411c96caec,Teodoro374 Kovacek682,M,GENERAL PRACTICE,309 TEATICKET HWY,TEATICKET,MA,025365625,41.568302200000005,-70.59404025373951,8,0
0f4d7fa1-292e-3c35-b8bd-886b284a1e95,f52777bd-7313-3b27-8dd5-cd3f87bd3275,Luis923 Amaya149,M,GENERAL PRACTICE,9 HOPE AVE,WESTWOOD,MA,020902914,42.2139873,-71.2244987,8,0
cec37efa-9722-3c45-8531-0caf50cdbb7a,4705a8fd-19cd-32c1-8b3e-34bcfe84d0bd,Jimmie93 Mayert710,M,GENERAL PRACTICE,55 N WASHINGTON ST,NORTH ATTLEBORO,MA,027601607,41.983529,-71.332241,10,0
319767ef-49a3-3e43-aa47-ae99c03cc46b,f5ccbb53-e4a0-32e5-a693-02150497a8f4,Tyrone215 Huels583,M,GENERAL PRACTICE,100 HIGHLAND ST,MILTON,MA,021863881,42.250705749999995,-71.07724199194602,14,0
81057c9d-2316-39de-94f8-cd2598790e3e,accb8cdd-6560-3fef-b0a6-f12c3295026a,Gerardo48 Bergstrom287,M,GENERAL PRACTICE,969 PARK STREET,ATTLEBORO,MA,027035115,41.9266899,-71.2611303145582,1,0
18f9e3b8-268a-36f2-a003-d5fe1b539601,390a2aa4-70b4-3a64-a12f-9bd777834c8d,Hunter736 Howe413,M,GENERAL PRACTICE,710 MAIN STREET,HARWICH PORT,MA,026461931,41.669654699920855,-70.06169919459835,6,0
ef68d87e-8032-3f01-abd0-d0a0ef47ca53,18a96051-91f4-3cba-af96-056ea14dfee0,Silva841 Grimes165,F,GENERAL PRACTICE,25 HIGHLAND AVENUE,NEWBURYPORT,MA,019503872,42.81369325,-70.89091645747592,1,0
e7523a5d-5a62-37b2-9fb0-9f1cfe3cd9c2,1ab2b5f9-cb95-3236-beec-9b9d4a407c61,Carroll471 Eichmann909,M,GENERAL PRACTICE,725 NORTH ST,PITTSFIELD,MA,012014109,42.4600752,-73.2492795834909,3,0
75009b7b-072f-3f37-aecf-1f116899f20b,41e2a44c-477c-3511-96f9-12c476aa3b6a,Latoyia537 Lindgren255,F,GENERAL PRACTICE,85 E NEWTON ST,BOSTON,MA,021183553,42.336277100000004,-71.07085295687423,3,0
5b90bcea-fbf1-3d2f-88ae-77d48e4bb62c,5b0cd0a0-f277-3a66-bee6-d64b5be4a3f5,Waldo53 Hintz995,M,GENERAL PRACTICE,725 NORTH ST,PITTSFIELD,MA,012015493,42.4600752,-73.2492795834909,16,0
789ee298-bea3-36a5-9499-4f22743d989b,b44955d1-f0e2-3beb-a013-708a81dbe430,Ernest565 Runte676,M,GENERAL PRACTICE,680 CENTRE ST,WEST BRIDGEWATER,MA,023791600,42.0219112,-71.019004,22,0
4cf91373-6cbb-323e-a445-2bfad6b6fc86,67d2f85b-ddc7-3ed0-b90b-6fa5b7b8358a,Norah104 Jenkins714,F,GENERAL PRACTICE,43 FOUNDRY AVE,WALTHAM,MA,024538313,42.37050535,-71.21908334877376,14,0
2a7206fd-ecaf-3428-b1ad-bf0e4694cb8f,1d45436f-15a9-326e-a452-2e9ffc9fc5e5,Wilfredo622 Mraz590,M,GENERAL PRACTICE,75 SPRINGFIELD RD,WESTFIELD,MA,010851832,42.111428849999996,-72.71189899299209,12,0
fc5d486f-6bff-3599-9706-4480618afe36,0d9b0d22-585e-3fd8-ab02-26b5be7915d1,Daniela614 Balderas66,F,GENERAL PRACTICE,516 CAREW ST,SPRINGFIELD,MA,011042330,42.12133575,-72.59217953646302,13,0
c42f881d-5c89-36cd-87ef-83900918a394,0d1570ab-371c-3898-9397-95905d8c5166,Santina680 Dicki44,F,GENERAL PRACTICE,750 WASHINGTON ST,BOSTON,MA,021111552,42.3499038,-71.0631836,7,0
b505cc49-ec9f-3061-b722-ea9e9de9721e,94dda4e1-7476-367a-b1f8-37ea7f61a1b7,Dylan44 Robel940,M,GENERAL PRACTICE,145 WARD HILL AVENUE,WESTBOROUGH,MA,015811017,42.2694308,-71.6129907,4,0
f7e70146-60ab-3629-932b-3ce912d5b505,01bb7b5c-f850-3c4e-a3f1-442d8273559a,Dennis979 Effertz744,F,GENERAL PRACTICE,395 PLEASANT ST,NORTHAMPTON,MA,010603914,42.3150543,-72.62555561349089,10,0
c614164c-2ede-3fd9-b685-b4755d08bae8,2ca615f3-87f7-3283-a447-d919a883b676,Elizbeth263 Dickinson688,F,GENERAL PRACTICE,1399 WASHINGTON ST,HANOVER,MA,023391653,42.1441354,-70.8440854,1,0
2189abd5-89b1-3cc6-9a90-5cbc800285a1,7f32dd7d-5c35-3ddb-839b-8fbbb930d412,Luna60 Littel644,F,GENERAL PRACTICE,863 CENTRAL STREET,FRAMINGHAM,MA,017014813,42.30758060362541,-71.42846215724606,1,0
2ec74149-59f0-31a0-ae58-e0d184626654,80646050-1c76-3046-bbc8-fd5f0b7c34e6,Raleigh478 Hauck852,M,GENERAL PRACTICE,140 ARNHOW FARM ROAD,FITCHBURG,MA,014201369,42.5903661,-71.8119837,9,0
57cad8b9-6336-394b-9151-fe025767ed5b,1b3fe590-8793-3f08-865d-01fc425a84d4,Mathilde204 Wintheiser220,F,GENERAL PRACTICE,1340 BOYLSTON ST,BOSTON,MA,022154302,42.34392675,-71.09888049065322,18,0
621e74a1-5bc1-3de8-a9c5-08d8e2fc6724,8af3b144-0e1a-3c90-937d-81a4ed026080,Guillermo498 Fay398,M,GENERAL PRACTICE,800 WASHINGTON STREET,NORWOOD,MA,020623489,42.1886973,-71.2005241,4,0
f67c6bf7-347e-339b-b8f1-ccf826eada9d,a35fd733-dc1a-33f0-a308-292ff5581287,Julianne852 Schaefer657,F,GENERAL PRACTICE,15 STRAW AVE,FLORENCE,MA,010621491,42.335654,-72.663286,12,0
843e2c22-cc2f-3e36-bd7e-848cf92ae8bc,125eccb3-d003-34ea-9bd8-360dff059782,Rolande819 Gerlach374,F,GENERAL PRACTICE,125 PARKER HILL AVENUE,DEDHAM,MA,020266146,42.2489143,-71.1755732,6,0
e518f48c-1a59-3aef-a6d7-6389ca2f2089,b242f971-3c74-3778-b148-81366c1e6a3f,Leland44 Bernier607,M,GENERAL PRACTICE,10 CAREMATRIX DR,DEDHAM,MA,020266149,42.2270762,-71.17237295563174,4,0
aa28f7db-8a24-3c3a-acf9-87c28d485a8d,36c8b677-a6ce-3266-b71e-ed86d778d0fa,Jerrell6 Rippin620,M,GENERAL PRACTICE,300 FRIBERG PKWY,WESTBOROUGH,MA,015813900,42.28350315,-71.58027718702151,3,0
b6c656bb-87b3-3f00-bfb4-f4d0ce3a7435,a1a024f0-95e2-3db4-a771-e2f17c5da162,Arturo47 Schmidt332,M,GENERAL PRACTICE,18 NEWTON ST,BROCKTON,MA,023015115,42.0785392,-71.02602473630952,12,0
c55a6fd2-91b8-3971-9349-c3a16017ac56,aad05540-c9cb-3805-b3c4-f9b9d9b42b2e,Quentin28 Fritsch593,M,GENERAL PRACTICE,821 E MAIN ST STE 3,CHICOPEE,MA,010206306,42.155774795300516,-72.55672263289513,44,0
45c6a66f-0a12-39aa-afa7-36366cda20ed,19a3afba-b409-3650-a0ab-f3faf6e391ef,Haywood675 Strosin214,M,GENERAL PRACTICE,199 REEDSDALE RD,WALTHAM,MA,024511433,42.3756401,-71.2358004,5,0
878ad22a-eca7-3620-ab82-5f5143a28a40,25c85bcc-7e25-36bc-89e8-08e0d473db23,Mariano761 Tórrez28,M,GENERAL PRACTICE,138 S MAIN ST STE 14,MILFORD,MA,017573272,42.1270746,-71.51639128815474,9,0
6eb9f44d-0f91-333d-929f-dd89c6a2a6be,c9aabcbd-d4e0-391f-8980-d0be6934ea82,Lindsay928 Leffler128,M,GENERAL PRACTICE,340 PLEASANT ST,BROCKTON,MA,023013236,42.08764334999999,-71.03287346676532,13,0
ff6f02b5-8eae-3a73-af74-ac0cb32abaa5,6ff4bb75-c014-3f73-a574-620cf1538d85,Manda751 Hamill307,F,GENERAL PRACTICE,250 GREEN ST,GARDNER,MA,01440,42.586896550000006,-71.98672640006858,10,0
2359a639-f3e3-3cc0-b358-39a2f8fabfe3,471f7ca2-38f8-3080-8109-187c73ec0b1f,Reginia455 Johnson679,F,GENERAL PRACTICE,27 CONGRESS ST,SALEM,MA,019707308,42.518722068313224,-70.88940635956651,4,0
04aa54ae-1dcf-3865-94dd-a7039a0a6d81,a5577e5c-b886-37a0-8eee-8ff6feb7ea6b,Leopoldo762 Keebler762,M,GENERAL PRACTICE,330 MOUNT AUBURN ST,CAMBRIDGE,MA,021385502,42.3741033,-71.13417575971958,4,0
328ed157-6027-3da7-b56d-070cc4e7cd16,6ea4d3d6-d820-387a-a3d1-ed5944ad47a2,Fabian647 Larkin917,M,GENERAL PRACTICE,232 PLEASANT ST,METHUEN,MA,018447152,42.7397562,-71.17113575205717,7,0
91e38260-2880-32f2-86d4-370438c9f0d0,e7722de2-0e62-3dc9-a163-a7003956673b,Charlena802 Lockman863,F,GENERAL PRACTICE,1 EDGEWATER DRIVE  SUITE 103,NORWOOD,MA,020624669,42.16153305,-71.20162617190071,1,0
42374463-9863-31de-b781-52c54d9e66a4,b7866c75-5e56-36b0-b9c5-c63051677b69,Elias404 Skiles927,M,GENERAL PRACTICE,45 RESNIK RD,SANDWICH,MA,02563,41.7579043,-70.4968152,8,0
61125fb5-fd71-3b06-a846-a312258b501f,845fbd9b-2d1c-39a8-8261-28ae40e4fab2,Sam879 Rippin620,F,GENERAL PRACTICE,14 PROSPECT STREET,UPTON,MA,015681431,42.1700209025178,-71.59409308099494,4,0
8bee0033-84c3-3411-8f18-1321db8f7fdf,af8566eb-8918-3ec7-ba44-92b6a2cf8097,Madelaine318 Walker122,F,GENERAL PRACTICE,81 HIGHLAND AVE,SALEM,MA,019702714,42.5112107,-70.90516241826194,9,0
ae2b4a40-c5b6-3c55-acf4-35503e2e241a,ecd3b321-0a8a-3ce6-81f0-982dd77fce43,Tracie996 Lesch175,F,GENERAL PRACTICE,25 HIGHLAND AVE,NEWBURYPORT,MA,019503867,42.81369325,-70.89091645747592,1,0
6ddbb987-37b6-3273-9211-bfb5e0b18812,058176fd-cbb0-328b-8411-c19f5045032d,Breana975 Sanford861,F,GENERAL PRACTICE,840 EMERSON GARDENS ROAD,LEXINGTON,MA,02420,42.43761961817366,-71.19888753880475,1,0
6e28d31f-bd85-3b7d-a1f3-0e31fe6cedd1,69cb2157-b620-3c51-9c94-f516462d2d55,Luther918 Schroeder447,M,GENERAL PRACTICE,11 WATER ST,ARLINGTON,MA,02476,42.41642055,-71.15424293038585,13,0
c8fcc132-1e91-337b-b768-1f816c12a840,218e58e4-9642-3ebd-9b39-34d15f22c620,Jamie386 Lowe577,M,GENERAL PRACTICE,977 MAIN ST,WALTHAM,MA,024517406,42.376452150000006,-71.25063779999999,8,0
47eec4c1-9e2e-34ba-87fd-93e1c872d3e8,f90ef475-defe-363d-a926-573b38f804a2,Kristopher775 Schiller186,M,GENERAL PRACTICE,54 HOPEDALE ST,HOPKINTON,MA,017481672,42.2288875,-71.5196439,22,0
8e8b3c0c-e7f4-3b35-a553-211aa3c59ae4,b4ca31a9-9d34-3ea1-93c4-443941622304,Ellie521 Nicolas769,F,GENERAL PRACTICE,102 MAIN ST,GREENFIELD,MA,013013224,42.5879173,-72.6055828841603,4,0
c8cee7d4-01d7-3a41-9a2b-95860e681715,43ee6bb5-8efa-3bfc-8ca8-1579a5267753,Kristopher775 Roob72,M,GENERAL PRACTICE,235 N PEARL ST,BROCKTON,MA,023011794,42.09805395,-71.0609587194362,1,0
2fb1daa6-5a67-3d3c-9d4b-23447da70cff,05fcf001-ab24-3d7d-85f7-f64942d82738,Nickolas58 Schumm995,M,GENERAL PRACTICE,250 POND STREET,FRAMINGHAM,MA,017014592,42.2838619,-71.4093719,2,0
169e8f8e-1eb6-344d-8d04-7625357c7523,9adfae03-673d-365d-9052-f705098fa3e4,Daniel959 Wolff180,M,GENERAL PRACTICE,51 BLOSSOM ST,BOSTON,MA,021142699,42.36305545,-71.06643399281765,16,0
52d62199-73f2-33c6-8085-c6d093d613f6,48a07866-e8d7-3268-aa3c-ca3237c8e6f3,Devona405 Stamm704,F,GENERAL PRACTICE,188 PROVIDENCE ST,HYDE PARK,MA,021361861,42.2682551,-71.12174592925336,5,0
977b584d-c715-38db-8e46-fcef3e9d97e6,1484fc69-2eb0-3bba-8656-d5ead4973895,Lashawnda573 Schaefer657,F,GENERAL PRACTICE,260 MERRIMAC ST,NEWBURYPORT,MA,019502192,42.817380099999994,-70.88125573659471,4,0
1a920139-e450-3310-b137-666140c5b413,217cb6f6-e822-3831-9d9d-ffa104971042,Luther918 Jakubowski832,M,GENERAL PRACTICE,2 REHABILITATION WAY,WOBURN,MA,018016003,42.46352265,-71.161925472006,5,0
a4e20339-75e9-3b93-996e-b6766676b8a6,4e56c7ec-99e5-3023-8e4f-95ad18a03f06,Duane703 Bosco882,M,GENERAL PRACTICE,28 RIVERSIDE DR STE 101,PEMBROKE,MA,023594947,42.11004715,-70.77534154695786,8,0
735a49ba-4a3e-3051-8307-68ee8ff0df05,e2a8b444-9b8f-36ff-84c4-05ee98589482,Francisco472 Gusikowski974,F,GENERAL PRACTICE,8 SHIPWAY PL # C-8,CHARLESTOWN,MA,021294301,42.3778749,-71.0619957,17,0
46266e12-d7fd-33cb-bdac-dd28103a6942,43f37d29-0bcb-3d84-b9c0-9ee4f2485ff2,Ester635 Urías338,F,GENERAL PRACTICE,168 WALTON RD UNIT 19,ROWLEY,MA,019692014,42.7136977,-70.8818364,8,0
625c3f1b-8b78-37e2-bb8d-1585fec92d9a,db60692f-cbef-315b-9fce-38a7f015c482,Aurelio227 Hilpert278,M,GENERAL PRACTICE,72 SHARPE STREET,SCITUATE,MA,020664534,42.1939754,-70.7697128,5,0
85d9916d-06f9-3ee5-9ecf-ffc68176f8eb,9ba25035-53e5-344b-9b9e-94331a58d1d4,Lucilla742 Schultz619,F,GENERAL PRACTICE,420 MAIN ST,WALPOLE,MA,020812553,42.161882199999994,-71.2388707178431,18,0
d8866665-ddf0-380c-8cdd-e8a2ef54698e,f3a64526-e8aa-36bb-ac9a-4a6b9fd7d0f6,Greg949 Corkery305,M,GENERAL PRACTICE,385 GROVE ST,WORCESTER,MA,016062726,42.286333299999995,-71.80745147942015,10,0
bd348f26-9b37-3ae7-85bc-a42aabd3e318,95f6c328-96dd-3fb8-a56e-9aad566094b4,Burton124 Schoen8,M,GENERAL PRACTICE,4 STONY HILL ROAD,WILBRAHAM,MA,010951027,42.1552861,-72.48384800788648,1,0
78c97950-459e-319d-b578-1db014b43ca5,91808f17-7583-32a3-aa55-23b131b327c7,Jospeh459 Wunsch504,M,GENERAL PRACTICE,200 CORDWAINER DR,NORWELL,MA,020611671,42.16352995,-70.8846291501739,4,0
258f67fa-8b60-347f-8cbe-921b7b88fec7,76baa51d-0d0f-359d-a07b-7b999a43d42e,Lincoln623 Gibson10,M,GENERAL PRACTICE,101 STATION DR STE 240,WESTWOOD,MA,020902336,42.20728361922244,-71.15698168263435,9,0
02888535-39a8-3ae9-acbb-025a4baec23f,c05d73d0-b348-32ce-9fe5-13a720950f37,Rema399 McDermott739,F,GENERAL PRACTICE,45 DRUM HILL RD,CHELMSFORD,MA,018241503,42.6255635,-71.3615131,1,0
ce28acc4-ded6-34f3-863e-2702a5000c68,de3cc142-803a-3ed4-8945-75ec88a84784,Brittni468 Trantow673,F,GENERAL PRACTICE,51 HOSPITAL ROAD,BALDWINVILLE,MA,014361215,42.6108483,-72.0608364,4,0
0bbf3ecf-78bf-3a90-9ac8-a95b94ad14d5,c67ca7ed-4769-3b6c-a0a9-993f1227ff10,Allen322 Veum823,M,GENERAL PRACTICE,1 BLACKBURN DR,GLOUCESTER,MA,019302237,42.6269312,-70.65555242413386,26,0
173fde18-2b8b-3888-9d62-db7b99a6c066,7b5bf0fc-c5c0-3f22-980b-fdfff326a9b4,Isidro558 Kling921,M,GENERAL PRACTICE,40 CUMBERLAND AVE,NORTH ATTLEBORO,MA,027604445,41.9316677,-71.35407469790115,1,0
5b7d73e3-1801-3ae7-8024-e0913aa150ac,ba07b31b-bf14-39b8-be95-4c5ca5062daa,Kim439 Hyatt152,M,GENERAL PRACTICE,1575 CAMBRIDGE ST,CAMBRIDGE,MA,021384308,42.375209549999994,-71.10711344152975,5,0
648a899f-d516-335e-ac15-da39803e2611,6aae7a31-90df-3455-ad8d-81f8cf2d21e8,Houston994 Funk324,M,GENERAL PRACTICE,680 CENTRE ST,BROCKTON,MA,023023308,42.0872752,-70.9910738855076,3,0
